{"mean_reward": 839.0, "std_reward": 308.7458501745408, "is_deterministic": false, "n_eval_episodes": 10, "eval_datetime": "2025-06-29T15:55:05.895839"}